"id","created_time","type","availability","quality_percent","made","defected","proiz_vobez_raboti","planned","all_stopped_time","all_working_time","stop_not_planned","stop_planned","all_time"
1,"2020-07-01","SAW1","93.82","90.57",3363,317,0,88166,"89.58",1360,89,0,1450
2,"2020-07-01","SAW2","80.42","97.03",9161,272,0,138964,"281.97",1158,281,0,1440
3,"2020-07-01","SAW3","100","94.85",2078,107,0,100800,"0",1440,0,0,1440
4,"2020-07-02","SAW1","92.21","87.22",2739,350,0,31988,"112.2",1327,112,0,1440
5,"2020-07-02","SAW2","88.81","98.65",13035,176,0,1331,"161.1",1278,161,0,1440
6,"2020-07-02","SAW3","99.99","97.67",1978,46,0,8648,"0.18",1439,0,0,1440
7,"2020-07-03","SAW1","98.25","95.86",1741,72,0,43015,"25.25",1420,25,0,1446
8,"2020-07-03","SAW2","38.95","97.89",3691,78,0,449,"879.63",561,879,0,1440
9,"2020-07-03","SAW3","100","86.51",986,133,0,140219,"0",1440,0,0,1440
10,"2020-07-04","SAW1","75.18","96.38",580,21,0,39107,"358.7",1086,358,0,1445
11,"2020-07-04","SAW2","79.71","98.56",4097,59,0,124309,"340.47",1103,281,59,1444
12,"2020-07-04","SAW3","99.72","97.56",1764,43,0,162747,"4",1436,4,0,1440
13,"2020-07-05","SAW1","98.46","96.46",1496,53,0,53033,"22.2",1417,22,0,1440
14,"2020-07-05","SAW2","61.26","97.25",7989,220,0,1395,"557.88",882,557,0,1440
15,"2020-07-05","SAW3","100","99.41",2188,13,0,163769,"0",1445,0,0,1445
16,"2020-07-06","SAW1","100","100",224,0,0,58014,"0",1450,0,0,1450
17,"2020-07-06","SAW2","88.57","94.5",8043,442,0,1152,"217.5",1222,157,59,1440
18,"2020-07-06","SAW3","99.85","98.22",2635,47,0,44440,"2.22",1437,2,0,1440
19,"2020-07-07","SAW1","96.54","69.5",1682,513,0,55606,"49.85",1390,49,0,1440
20,"2020-07-07","SAW2","71.39","95.91",8988,368,0,1420,"496.82",943,377,118,1440
21,"2020-07-07","SAW3","100","97.97",985,20,0,42000,"0",1440,0,0,1440
22,"2020-07-08","SAW1","99.99","59.64",1239,500,0,54474,"0.1",1439,0,0,1440
23,"2020-07-08","SAW2","67.45","95.41",9182,421,0,19908,"487.88",952,459,28,1440
24,"2020-07-08","SAW3","100","98.14",1669,31,0,42000,"0",1440,0,0,1440
25,"2020-07-09","SAW1","99.55","96.1",2104,82,0,53925,"6.45",1433,6,0,1440
26,"2020-07-09","SAW2","87.97","97.76",13685,306,0,918,"300.47",1139,155,144,1440
27,"2020-07-09","SAW3","100","99.24",2380,18,0,41998,"0.07",1439,0,0,1440
28,"2020-07-10","SAW1","95.1","98.97",4357,45,0,54776,"70.6",1369,70,0,1440
29,"2020-07-10","SAW2","88.86","97.51",4615,115,0,1201,"555.23",884,110,444,1440
30,"2020-07-10","SAW3","100","95.68",1065,46,0,42000,"0",1440,0,0,1440
31,"2020-07-11","SAW1","99.91","100",4467,0,0,57548,"1.3",1438,1,0,1440
32,"2020-07-11","SAW2","96.07","100",371,0,0,451,"425.2",1014,41,383,1440
33,"2020-07-11","SAW3","100","0",0,34,0,42000,"0",1440,0,0,1440
34,"2020-07-12","SAW1","100","100",50,0,0,40316,"432.1",1007,0,432,1440
35,"2020-07-12","SAW2","80.05","99.23",5458,42,0,5262,"521.78",918,228,292,1440
36,"2020-07-12","SAW3","100","0",0,15,0,42000,"0",1440,0,0,1440
37,"2020-07-13","SAW1","99.69","87.68",1161,143,0,358879,"4.48",1435,4,0,1440
38,"2020-07-13","SAW2","88.38","98.47",9843,151,0,2695,"172.35",1267,166,5,1440
39,"2020-07-13","SAW3","99.68","100",2340,0,0,41864,"4.65",1435,4,0,1440
40,"2020-07-14","SAW1","27.39","7.06",85,79,0,98604,"1045.58",394,1045,0,1440
41,"2020-07-14","SAW2","76.94","91.7",843,70,0,391,"891.02",548,164,726,1440
42,"2020-07-14","SAW3","100","0",0,0,0,42000,"0",1440,0,0,1440
43,"2020-07-15","SAW1","1.3","0",1,60,0,2371,"1430.52",9,720,709,1440
44,"2020-07-15","SAW2","77.59","83.03",4790,813,0,1147,"322.68",1117,322,0,1440
45,"2020-07-15","SAW3","100","0",0,0,0,42000,"0",1440,0,0,1440
46,"2020-07-16","SAW1","3.09","100",1554,0,0,515,"1395.47",44,1395,0,1440
47,"2020-07-16","SAW2","73.22","96.34",7794,285,0,27147,"394.32",1045,382,11,1440
48,"2020-07-16","SAW3","100","96.6",736,25,0,42000,"0",1440,0,0,1440
49,"2020-07-17","SAW1","4.7","100",1867,0,0,199,"1372.32",67,1372,0,1440
50,"2020-07-17","SAW2","96.91","100",10244,0,0,41431,"44.55",1395,44,0,1440
51,"2020-07-17","SAW3","100","100",468,0,0,42000,"0",1440,0,0,1440
52,"2020-07-18","SAW1","2.9","100",647,0,0,108,"1403.08",36,1236,166,1440
53,"2020-07-18","SAW2","86.11","98.25",8123,142,0,29159,"200",1240,200,0,1440
54,"2020-07-18","SAW3","100","0",0,0,0,42000,"0",1440,0,0,1440
55,"2020-07-19","SAW1","9.04","100",2075,0,0,382,"1309.83",130,1309,0,1440
56,"2020-07-19","SAW2","97.94","99.53",9771,46,0,25160,"29.63",1410,29,0,1440
57,"2020-07-19","SAW3","100","0",0,0,0,42000,"0",1440,0,0,1440
58,"2020-07-20","SAW1","2.56","100",1799,0,0,108,"1403.1",36,1403,0,1440
59,"2020-07-20","SAW2","40.89","100",2474,0,0,14719,"851.25",588,851,0,1440
60,"2020-07-20","SAW3","66.47","100",49,0,0,27918,"482.82",957,482,0,1440
61,"2020-07-21","SAW1","3.26","100",1861,0,0,138,"1393.02",46,1393,0,1440
62,"2020-07-21","SAW2","95.22","100",5467,0,0,18393,"68.83",1371,68,0,1440
63,"2020-07-21","SAW3","99.98","100",1087,0,0,41992,"0.27",1439,0,0,1440
64,"2020-07-22","SAW1","2.09","100",1210,0,0,88,"1409.83",30,1409,0,1440
65,"2020-07-22","SAW2","85.96","100",6289,0,0,12058,"275.82",1164,190,85,1440
66,"2020-07-22","SAW3","100","0",0,0,0,42000,"0",1440,0,0,1440
67,"2020-07-23","SAW1","0.06","99.66",1193,4,0,166,"1439.15",0,1439,0,1440
68,"2020-07-23","SAW2","97.68","99.94",6165,4,0,70180,"125.25",1314,31,94,1440
69,"2020-07-23","SAW3","99.99","100",4100,0,0,23093,"0.13",1439,0,0,1440
70,"2020-07-24","SAW1","0.1","97.34",1958,52,0,367,"1438.53",1,1438,0,1440
71,"2020-07-24","SAW2","79.74","95.11",6140,300,0,56220,"412.6",1027,261,151,1440
72,"2020-07-24","SAW3","100","100",800,0,0,10368,"0",1440,0,0,1440
73,"2020-07-25","SAW1","0","0",0,0,0,0,"1440",0,1440,0,1440
74,"2020-07-25","SAW2","89.07","98.4",7353,118,0,962000,"157.33",1282,157,0,1440
75,"2020-07-25","SAW3","100","92",75,6,0,10368,"0",1440,0,0,1440
76,"2020-07-26","SAW1","0","0",0,0,0,0,"1440",0,1440,0,1440
77,"2020-07-26","SAW2","86.14","97.5",4400,110,0,930288,"199.62",1240,199,0,1440
78,"2020-07-26","SAW3","100","0",0,0,0,10368,"0",1440,0,0,1440
79,"2020-07-27","SAW1","0.17","98.68",5072,67,0,621,"1437.52",2,1437,0,1440
80,"2020-07-27","SAW2","80.42","100",9544,0,0,868538,"281.95",1158,281,0,1440
81,"2020-07-27","SAW3","100","100",950,0,0,10368,"0",1440,0,0,1440
82,"2020-07-28","SAW1","0.05","100",5206,0,0,196,"1439.22",0,1439,0,1440
83,"2020-07-28","SAW2","93.3","100",3942,0,0,97819,"96.42",1343,96,0,1440
84,"2020-07-28","SAW3","100","100",800,0,0,10368,"0",1440,0,0,1440
85,"2020-07-29","SAW1","0.02","100",3000,0,0,58,"1439.77",0,1439,0,1440
86,"2020-07-29","SAW2","84.13","99.16",19071,161,0,686005,"260.25",1179,222,37,1440
87,"2020-07-29","SAW3","100","0",0,0,0,10368,"0",1440,0,0,1440
88,"2020-07-30","SAW1","0.01","100",1500,0,0,21,"1439.92",0,1439,0,1440
89,"2020-07-30","SAW2","81.5","100",8068,0,0,235582,"266.42",1173,266,0,1440
90,"2020-07-30","SAW3","74.02","100",1000,0,0,7674,"374.15",1065,374,0,1440
91,"2020-07-31","SAW1","54.18","0",0,232,0,195063,"659.75",780,659,0,1440
92,"2020-07-31","SAW2","84.29","96.62",3870,131,0,5183,"226.25",1213,226,0,1440
93,"2020-07-31","SAW3","100","0",0,0,0,10368,"0",1440,0,0,1440
94,"2020-08-01","SAW1","0.02","0",0,0,0,38,"1439.85",0,896,542,1440
95,"2020-08-01","SAW2","0","0",0,0,0,0,"1440",0,1440,0,1440
96,"2020-08-01","SAW3","65.35","0",0,0,0,3105,"1008.68",431,228,780,1440
97,"2020-08-02","SAW1","0.02","0",0,0,0,54,"1439.78",0,1439,0,1440
98,"2020-08-02","SAW2","88.79","96.86",3086,97,0,30877,"161.47",1278,161,0,1440
99,"2020-08-02","SAW3","100","0",0,0,0,0,"1440",0,0,1440,1440
100,"2020-08-03","SAW1","0.01","100",6000,0,0,21,"1439.92",0,1439,0,1440
101,"2020-08-03","SAW2","99.8","98.21",3752,67,0,50305,"2.92",1437,2,0,1440
102,"2020-08-03","SAW3","100","0",0,0,0,5771,"638.42",801,0,638,1440
103,"2020-08-04","SAW1","0.01","0",0,157,0,25,"1439.9",0,1439,0,1440
104,"2020-08-04","SAW2","87.28","99.16",8083,68,0,13935,"206.83",1233,179,27,1440
105,"2020-08-04","SAW3","100","0",0,0,0,10368,"0",1440,0,0,1440
106,"2020-08-05","SAW1","0","0",0,0,0,0,"1440",0,1440,0,1440
107,"2020-08-05","SAW2","79.98","99.13",10338,90,0,34618,"288.33",1151,288,0,1440
108,"2020-08-05","SAW3","100","0",0,4,0,10368,"0",1440,0,0,1440
109,"2020-08-06","SAW1","0.01","96",3500,140,0,21,"1439.92",0,1439,0,1440
110,"2020-08-06","SAW2","88.94","99.29",6726,48,0,32017,"159.32",1280,159,0,1440
111,"2020-08-06","SAW3","100","100",2398,0,0,10368,"0",1440,0,0,1440
112,"2020-08-07","SAW1","0.05","92.12",3770,297,0,163,"1439.35",0,1439,0,1440
113,"2020-08-07","SAW2","96.78","98.08",5900,113,0,104517,"46.43",1393,46,0,1440
114,"2020-08-07","SAW3","99.98","100",3157,0,0,10366,"0.33",1439,0,0,1440
115,"2020-08-08","SAW1","0.04","100",3730,0,0,21,"1439.48",0,1439,0,1440
116,"2020-08-08","SAW2","86.84","98.91",7321,80,0,16866,"233.7",1206,182,50,1440
117,"2020-08-08","SAW3","99.99","100",1400,0,0,9747,"0.17",1439,0,0,1440
118,"2020-08-09","SAW1","0.01","0",0,0,0,4,"1439.9",0,1172,267,1440
119,"2020-08-09","SAW2","93.95","97.62",11674,278,0,33822,"87.13",1352,87,0,1440
120,"2020-08-09","SAW3","100","96.69",1210,40,0,24000,"0",1440,0,0,1440
121,"2020-08-10","SAW1","0.36","97.81",4922,108,0,207,"1434.83",5,1434,0,1440
122,"2020-08-10","SAW2","85.22","98.02",11325,224,0,30678,"212.87",1227,212,0,1440
123,"2020-08-10","SAW3","99.97","99.43",4937,28,0,23966,"2.02",1437,0,1,1440
124,"2020-08-11","SAW1","1.07","99.54",3286,15,0,702,"1426",14,1295,130,1440
125,"2020-08-11","SAW2","99.76","89.91",2259,228,0,31029,"3.45",1436,3,0,1440
126,"2020-08-11","SAW3","100","98.91",3036,33,0,16862,"428.27",1011,0,428,1440
127,"2020-08-12","SAW1","1.24","0",114,120,0,10487,"1422.13",17,1422,0,1440
128,"2020-08-12","SAW2","99.25","99.04",6252,60,0,35731,"10.77",1429,10,0,1440
129,"2020-08-12","SAW3","100","98.23",1698,30,0,24000,"0",1440,0,0,1440
130,"2020-08-13","SAW1","1.32","100",1133,0,0,11162,"1420.98",19,1420,0,1440
131,"2020-08-13","SAW2","61.11","99.04",8088,78,0,35863,"560.03",879,560,0,1440
132,"2020-08-13","SAW3","90.09","100",1700,0,0,21621,"142.73",1297,142,0,1440
133,"2020-08-14","SAW1","0.45","100",350,0,0,3776,"1433.57",6,1433,0,1440
134,"2020-08-14","SAW2","72.91","100",12502,0,0,24692,"443.75",996,370,73,1440
135,"2020-08-14","SAW3","100","100",2014,0,0,24000,"0",1440,0,0,1440
136,"2020-08-15","SAW1","0.45","100",114,0,0,3776,"1433.57",6,1433,0,1440
137,"2020-08-15","SAW2","80.16","99.25",3352,25,0,17133,"437.47",1002,248,189,1440
138,"2020-08-15","SAW3","100","0",0,0,0,24000,"0",1440,0,0,1440
139,"2020-08-16","SAW1","0.01","0",0,24,0,21,"1439.92",0,1439,0,1440
140,"2020-08-16","SAW2","91.85","94.76",15345,804,0,30867,"146.68",1293,114,31,1440
141,"2020-08-16","SAW3","100","98.58",1482,21,0,24000,"0",1440,0,0,1440
142,"2020-08-17","SAW1","0.01","39.67",300,181,0,21,"1439.92",0,1439,0,1440
143,"2020-08-17","SAW2","92.86","97.33",10730,287,0,16419,"102.88",1337,102,0,1440
144,"2020-08-17","SAW3","100","97.66",1283,30,0,24000,"0",1440,0,0,1440
145,"2020-08-18","SAW1","0","0",0,68,0,0,"1440",0,1440,0,1440
146,"2020-08-18","SAW2","61.49","89.78",5331,545,0,4816,"554.5",885,554,0,1440
147,"2020-08-18","SAW3","100","88.6",649,74,0,24000,"0",1440,0,0,1440
148,"2020-08-19","SAW1","0.01","75",360,90,0,21,"1439.92",0,1439,0,1440
149,"2020-08-19","SAW2","97.14","97.8",3497,77,0,34969,"41.25",1398,41,0,1440
150,"2020-08-19","SAW3","100","0",0,0,0,24000,"0",1440,0,0,1440
151,"2020-08-20","SAW1","0.01","0",0,0,0,21,"1439.92",0,664,775,1440
152,"2020-08-20","SAW2","98.83","100",8856,0,0,35579,"16.83",1423,16,0,1440
153,"2020-08-20","SAW3","99.97","100",5,0,0,23993,"0.42",1439,0,0,1440
154,"2020-08-21","SAW1","0.8","58.33",36,15,0,2450,"1430.2",9,1217,212,1440
155,"2020-08-21","SAW2","75.48","98.53",10014,147,0,27173,"353.08",1086,353,0,1440
156,"2020-08-21","SAW3","27.97","0",0,8,0,1342,"1037.27",402,1037,0,1440
157,"2020-08-22","SAW1","0.67","0",75,164,0,86,"1430.42",9,1430,0,1440
158,"2020-08-22","SAW2","99.99","99",8564,86,0,35046,"0.2",1439,0,0,1440
159,"2020-08-22","SAW3","97.11","0",20,36,0,4855,"41.62",1398,41,0,1440
160,"2020-08-23","SAW1","0.07","0",0,40,0,37,"1438.97",1,1438,0,1440
161,"2020-08-23","SAW2","99.66","98.89",8000,89,0,34442,"4.92",1435,4,0,1440
162,"2020-08-23","SAW3","99.9","98.8",1338,16,0,10193,"1.48",1438,1,0,1440
163,"2020-08-24","SAW1","0.18","0",0,98,0,93,"1437.42",2,1437,0,1440
164,"2020-08-24","SAW2","93.75","96.4",6856,247,0,32400,"89.98",1350,89,0,1440
165,"2020-08-24","SAW3","100","97.25",1343,37,0,4973,"784.87",655,0,784,1440
166,"2020-08-25","SAW1","25.59","97.1",3960,115,86,13265,"1071.53",368,1071,0,1440
167,"2020-08-25","SAW2","92.59","95.82",11310,473,0,29204,"106.7",1333,106,0,1440
168,"2020-08-25","SAW3","100","100",464,0,0,31221,"59.7",1380,0,59,1440
169,"2020-08-26","SAW1","22.21","95.64",3672,160,126,10793,"1120.22",319,1120,0,1440
170,"2020-08-26","SAW2","95.78","99.09",7706,70,0,19353,"60.8",1379,60,0,1440
171,"2020-08-26","SAW3","100","100",2450,0,0,32571,"0",1440,0,0,1440
172,"2020-08-27","SAW1","43.17","100",1561,25,4,290559,"818.33",621,818,0,1439
173,"2020-08-27","SAW2","94.44","89.06",2112,231,0,10850,"79.8",1356,79,0,1436
174,"2020-08-27","SAW3","99.32","94.52",2648,145,0,9535,"9.75",1430,9,0,1440
175,"2020-08-28","SAW1","58.97","97.52",9582,238,22,9273,"590.87",849,590,0,1440
176,"2020-08-28","SAW2","75.4","98.76",14557,180,0,26848,"354.27",1085,354,0,1440
177,"2020-08-28","SAW3","93.29","96.85",2891,91,0,29987,"99.12",1340,96,2,1440
178,"2020-08-29","SAW1","19.9","97.76",4427,99,0,26901,"1153.47",286,1153,0,1440
179,"2020-08-29","SAW2","91.23","98.01",5016,100,0,13483,"334.67",1105,106,228,1440
180,"2020-08-29","SAW3","75.17","99.1",5091,46,0,11045,"357.58",1082,357,0,1440
181,"2020-08-30","SAW1","31.02","99.58",9900,42,0,262145,"993.38",446,993,0,1440
182,"2020-08-30","SAW2","99.79","32.5",320,216,0,3209,"3",1437,3,0,1440
183,"2020-08-30","SAW3","99.99","96.69",3380,112,0,19197,"0.2",1439,0,0,1440
184,"2020-08-31","SAW1","22.07","100",2458,0,0,48266,"1122.25",317,1122,0,1440
185,"2020-08-31","SAW2","77.84","97.44",11051,283,0,27947,"319.17",1120,319,0,1440
186,"2020-08-31","SAW3","98.43","98.8",4339,52,0,39723,"22.57",1417,22,0,1440
187,"2020-09-01","SAW1","2.28","100",70,0,0,1183,"1407.13",32,1407,0,1440
188,"2020-09-01","SAW2","22.58","31.37",51,35,0,726,"1114.92",325,1114,0,1440
189,"2020-09-01","SAW3","16.93","0",0,0,0,365775,"1196.15",243,1196,0,1440
190,"2020-09-02","SAW1","37.43","98.77",9324,115,0,16099,"901.05",538,901,0,1440
191,"2020-09-02","SAW2","93.13","98.11",13420,254,0,29353,"228.15",1211,89,138,1440
192,"2020-09-02","SAW3","94.08","99.19",4428,36,0,18064,"85.18",1354,85,0,1440
193,"2020-09-03","SAW1","38.98","99.55",9864,44,0,16472,"878.73",561,878,0,1440
194,"2020-09-03","SAW2","90.84","0",0,157,0,43602,"131.93",1308,131,0,1440
195,"2020-09-03","SAW3","95.82","99.67",4280,14,0,672079,"60.25",1379,60,0,1440
196,"2020-09-04","SAW1","22.44","97.52",5566,138,5,12372,"1116.9",323,1116,0,1440
197,"2020-09-04","SAW2","36.85","98.54",11424,167,0,4463,"909.32",530,909,0,1440
198,"2020-09-04","SAW3","98.26","98.3",2471,42,0,13842,"25.12",1414,25,0,1440
199,"2020-09-05","SAW1","13.39","99.68",3803,12,35,7710,"1247.25",192,1247,0,1440
200,"2020-09-05","SAW2","15.89","92.12",2562,202,0,1685,"1211.2",228,1211,0,1440
201,"2020-09-05","SAW3","99.93","95.8",1618,68,0,21563,"1.02",1438,1,0,1440
202,"2020-09-06","SAW1","18.03","100",5263,0,0,9662,"1180.38",259,1180,0,1440
203,"2020-09-06","SAW2","16.24","90.38",1612,155,0,522,"1206.1",233,1206,0,1440
204,"2020-09-06","SAW3","100","94.98",1912,96,0,323313,"0",1440,0,0,1440
205,"2020-09-07","SAW1","4.04","98.02",1160,23,0,2096,"1381.78",58,1381,0,1440
206,"2020-09-07","SAW2","7.96","94.76",2633,138,0,29542,"1325.33",114,1325,0,1440
207,"2020-09-07","SAW3","100","0",0,12,0,86400,"0",1440,0,0,1440
208,"2020-09-08","SAW1","14.47","99.42",35621,208,0,6508,"1231.58",208,1231,0,1440
209,"2020-09-08","SAW2","9.41","98.62",3188,44,0,14641,"1304.43",135,1304,0,1440
210,"2020-09-08","SAW3","99.98","92.62",1505,111,0,19746,"0.28",1439,0,0,1440
211,"2020-09-09","SAW1","18.09","99.86",8663,12,0,6130,"1179.47",260,1179,0,1440
212,"2020-09-09","SAW2","17.15","98.73",9721,123,0,6128,"1193.25",246,1192,1,1440
213,"2020-09-09","SAW3","0.22","0",0,0,0,19200,"1436.8",3,1436,0,1440
214,"2020-09-10","SAW1","36.35","97.5",5960,149,0,12315,"916.62",523,916,0,1440
215,"2020-09-10","SAW2","19.52","97.45",5451,139,0,6746,"1158.93",281,1158,0,1440
216,"2020-09-10","SAW3","0.41","95.28",530,25,0,100,"1434.13",5,1434,0,1440
217,"2020-09-11","SAW1","33.08","99.03",6598,64,0,11210,"963.58",476,963,0,1440
218,"2020-09-11","SAW2","61.05","92.63",3295,243,0,1966,"560.85",879,560,0,1440
219,"2020-09-11","SAW3","0.75","95.56",1420,63,0,129,"1429.13",10,1429,0,1440
220,"2020-09-12","SAW1","44.89","98.97",8280,85,0,15209,"793.6",646,793,0,1440
221,"2020-09-12","SAW2","24.62","98.34",4825,80,143,8862,"1085.53",354,1085,0,1440
222,"2020-09-12","SAW3","0.87","98.92",2493,27,0,250,"1427.5",12,1427,0,1440
223,"2020-09-13","SAW1","28.29","99.67",7470,25,8,16285,"1032.88",407,1031,1,1440
224,"2020-09-13","SAW2","30.41","97.08",9254,270,7,4342,"1002.15",437,1002,0,1440
225,"2020-09-13","SAW3","1.02","97.88",1368,29,0,332,"1425.32",14,1425,0,1440
226,"2020-09-14","SAW1","30.45","99.45",8886,49,0,17542,"1001.45",438,1001,0,1440
227,"2020-09-14","SAW2","51.23","95.46",4077,185,0,3520,"717.92",722,687,30,1440
228,"2020-09-14","SAW3","0.79","98.18",2368,43,0,256,"1428.67",11,1428,0,1440
229,"2020-09-15","SAW1","25.29","98.47",7500,115,0,14565,"1075.87",364,1075,0,1440
230,"2020-09-15","SAW2","56.94","96.83",7820,248,0,8199,"620.1",819,620,0,1440
231,"2020-09-15","SAW3","0.02","98.14",2960,55,0,1057,"1439.67",0,1439,0,1440
232,"2020-09-16","SAW1","45","100",7940,0,0,15391,"792",648,792,0,1440
233,"2020-09-16","SAW2","37.06","93.48",322,21,0,5337,"906.35",533,906,0,1440
234,"2020-09-16","SAW3","0.62","95.19",1933,93,0,202,"1431.13",8,1431,0,1440
235,"2020-09-17","SAW1","40.49","95.54",7484,334,1,7863,"861.88",578,849,12,1440
236,"2020-09-17","SAW2","53.12","98.54",8549,125,9,7380,"675.1",764,675,0,1440
237,"2020-09-17","SAW3","0.77","96.98",1260,38,0,184,"1428.95",11,1428,0,1440
238,"2020-09-18","SAW1","28.76","95.32",6520,305,1,9719,"1026.95",413,1023,3,1440
239,"2020-09-18","SAW2","32.25","96.92",8550,263,95,9404,"975.6",464,975,0,1440
240,"2020-09-18","SAW3","0.63","99.17",3851,32,0,192,"1430.93",9,1430,0,1440
241,"2020-09-19","SAW1","55.83","99.01",9454,94,14,4245,"636.62",803,635,0,1440
242,"2020-09-19","SAW2","63.05","97.57",14350,348,21,98048,"532.15",907,532,0,1440
243,"2020-09-19","SAW3","0.3","98.64",4553,62,0,417,"1435.75",4,1435,0,1440
244,"2020-09-20","SAW1","7.3","100",814,0,67,505,"1334.85",105,1334,0,1440
245,"2020-09-20","SAW2","37.68","96.62",8280,280,234,51876,"959.67",480,794,165,1440
246,"2020-09-20","SAW3","0.77","99",1396,14,0,184,"1428.95",11,1428,0,1440
247,"2020-09-21","SAW1","16.72","81.9",1398,253,0,1364,"1199.25",240,1199,0,1440
248,"2020-09-21","SAW2","45.69","92.3",6028,464,8,71060,"782.03",657,782,0,1440
249,"2020-09-21","SAW3","0.35","100",3750,0,0,59,"1434.95",5,1434,0,1440
250,"2020-09-22","SAW1","35.11","97.52",3948,98,1,152151,"934.37",505,934,0,1440
251,"2020-09-22","SAW2","40.73","98",8791,176,1,18393,"856.55",588,856,0,1445
252,"2020-09-22","SAW3","0.42","100",1461,0,0,99,"1434",6,1434,0,1440
253,"2020-09-23","SAW1","14.27","99.54",4806,22,93,15570,"1234.5",205,1234,0,1440
254,"2020-09-23","SAW2","19.9","95.59",10512,464,1,2905,"1153.48",286,1153,0,1440
255,"2020-09-23","SAW3","0.38","99.01",3043,30,0,201,"1434.5",5,1434,0,1440
256,"2020-09-24","SAW1","27.18","95.05",4646,230,9,2867,"1051.3",388,1041,10,1440
257,"2020-09-24","SAW2","45.39","96.92",8508,262,0,4222,"799.12",640,771,27,1440
258,"2020-09-24","SAW3","0.57","98.94",3392,36,0,251,"1431.77",8,1431,0,1440
259,"2020-09-25","SAW1","27.61","100",3980,0,0,3562,"1042.45",397,1042,0,1440
260,"2020-09-25","SAW2","20.45","100",2421,0,0,1876,"1157.38",282,1099,57,1440
261,"2020-09-25","SAW3","0.2","98.13",2996,56,0,193,"1437.05",2,1437,0,1440
262,"2020-09-26","SAW1","47.28","100",3098,0,1,1280,"759.18",680,759,0,1440
263,"2020-09-26","SAW2","13.94","81.88",1104,200,1,1195,"1333.47",106,657,675,1440
264,"2020-09-26","SAW3","0.19","98.94",3194,34,0,7547,"1437.27",2,1437,0,1440
265,"2020-09-27","SAW1","34.42","93.13",7040,484,0,6449,"944.32",495,944,0,1440
266,"2020-09-27","SAW2","34.76","98.89",9159,102,1,23024,"1001.45",438,823,178,1440
267,"2020-09-27","SAW3","0.02","98.76",1207,15,0,2100,"1439.65",0,1439,0,1440
268,"2020-09-28","SAW1","51.21","99.1",9700,87,0,3540,"702.52",737,702,0,1440
269,"2020-09-28","SAW2","38.52","96.87",8880,278,0,14531,"886.93",553,882,4,1440
270,"2020-09-28","SAW3","0.41","100",1848,0,0,128,"1434.1",5,1434,0,1440
271,"2020-09-29","SAW1","57.86","97.48",6550,165,1,3877,"632.37",807,588,44,1440
272,"2020-09-29","SAW2","30.47","97.76",15683,352,0,13733,"1001.25",438,1001,0,1440
273,"2020-09-29","SAW3","0.82","99.7",2707,8,0,162,"1428.18",11,1428,0,1440
274,"2020-09-30","SAW1","46.35","97.27",4536,124,0,3893,"772.55",667,772,0,1440
275,"2020-09-30","SAW2","21.64","92.67",3440,252,3,1075,"1245.53",194,704,541,1440
276,"2020-09-30","SAW3","0.95","94.96",2102,106,0,129,"1426.38",13,1426,0,1440
277,"2020-10-01","SAW1","1.36","100",216,0,2,80282,"1430.03",9,722,707,1440
278,"2020-10-01","SAW2","26.98","92.79",4810,347,0,1547,"1197.8",242,655,542,1440
279,"2020-10-01","SAW3","1.09","96.38",912,33,0,82,"1431.42",8,776,655,1440
280,"2020-10-02","SAW1","34.31","99.22",7548,59,0,74240,"948.22",491,941,6,1440
281,"2020-10-02","SAW2","72.21","97.1",11538,335,23,109102,"429.8",1010,388,41,1440
282,"2020-10-02","SAW3","0.63","97.18",3082,87,0,303,"1430.98",9,1430,0,1440
283,"2020-10-03","SAW1","60.39","98.69",10374,136,1,4184,"570.43",869,570,0,1440
284,"2020-10-03","SAW2","59.56","98.7",10044,131,19,4288,"582.37",857,582,0,1440
285,"2020-10-03","SAW3","22.45","99.88",2572,3,0,3117,"1116.67",323,1116,0,1440
286,"2020-10-04","SAW1","32.31","99.48",5604,29,99,2877,"974.68",465,974,0,1440
287,"2020-10-04","SAW2","25.54","90.93",11223,1018,0,1839,"1072.2",367,1072,0,1440
288,"2020-10-04","SAW3","35.6","99.75",5970,15,0,11320,"964.23",475,860,103,1440
289,"2020-10-05","SAW1","36.1","98.84",7772,90,1,7593,"920.2",519,920,0,1440
290,"2020-10-05","SAW2","17.46","88.4",2189,254,0,1725,"1188.62",251,1188,0,1440
291,"2020-10-05","SAW3","27.45","99.9",8269,8,0,12949,"1044.68",395,1044,0,1440
292,"2020-10-06","SAW1","41.84","96.98",7342,222,5,9197,"863.95",576,800,63,1440
293,"2020-10-06","SAW2","31.48","90.52",5972,566,1160,2331,"1023.28",416,906,116,1440
294,"2020-10-06","SAW3","14.08","98.02",3284,65,0,2573,"1238.75",201,1227,10,1440
295,"2020-10-07","SAW1","34.27","99.79",5700,12,20,4960,"946.52",493,946,0,1440
296,"2020-10-07","SAW2","31.95","94.44",16507,917,0,2741,"987.7",452,963,24,1440
297,"2020-10-07","SAW3","11.24","98.92",1481,16,0,1463,"1285.95",154,1216,69,1440
298,"2020-10-08","SAW1","28.54","99.78",5460,12,0,3680,"1031.12",408,1023,7,1440
299,"2020-10-08","SAW2","37.58","98.16",12687,233,5,11411,"898.85",541,898,0,1440
300,"2020-10-08","SAW3","44.89","91.64",1914,160,0,6924,"798.92",641,786,11,1440
301,"2020-10-09","SAW1","20.53","98.19",3422,62,0,276107,"1148.02",291,1130,17,1440
302,"2020-10-09","SAW2","48.46","92.15",5374,422,0,12562,"742.12",697,742,0,1440
303,"2020-10-09","SAW3","33.53","98.34",2886,48,0,10646,"966.87",473,938,28,1440
304,"2020-10-10","SAW1","27.67","96.03",5016,199,0,8905,"1042.35",397,1039,2,1440
305,"2020-10-10","SAW2","26.84","91.43",7144,612,0,6027,"1053.55",386,1053,0,1440
306,"2020-10-10","SAW3","17.01","99.49",2373,12,0,2327,"1195.08",244,1195,0,1440
307,"2020-10-11","SAW1","20.85","100",3420,0,0,5340,"1139.78",300,1139,0,1440
308,"2020-10-11","SAW2","10.42","93.45",3008,197,279,2701,"1289.95",150,1289,0,1440
309,"2020-10-11","SAW3","19.65","100",2318,0,2,3766,"1157.08",282,1157,0,1440
310,"2020-10-12","SAW1","54.24","98.12",8040,151,0,39003,"658.88",781,658,0,1440
311,"2020-10-12","SAW2","41.07","48.58",706,363,0,10645,"848.62",591,848,0,1440
312,"2020-10-12","SAW3","11.6","100",3243,0,29,3613,"1275.08",164,1256,18,1440
313,"2020-10-13","SAW1","35.54","99.28",6846,49,1,28130,"928.65",511,927,1,1440
314,"2020-10-13","SAW2","28.44","97.18",7944,224,0,4918,"1030.43",409,1030,0,1440
315,"2020-10-13","SAW3","16.25","99.41",3062,18,17,2722,"1208.63",231,1192,15,1440
316,"2020-10-14","SAW1","19.84","100",4490,0,1,14536,"1154.27",285,1154,0,1440
317,"2020-10-14","SAW2","36.11","100",4760,0,4,9252,"1008.43",431,763,244,1440
318,"2020-10-14","SAW3","22.21","100",2004,0,0,22175,"1122.47",317,1112,10,1440
319,"2020-10-15","SAW1","36.93","94.96",6543,330,0,16201,"915.9",524,894,21,1440
320,"2020-10-15","SAW2","25.03","95.55",4026,179,1,3466,"1088.35",351,1053,35,1440
321,"2020-10-15","SAW3","32.93","99.3",1423,10,0,32116,"981.2",458,934,46,1440
322,"2020-10-16","SAW1","37.25","94.19",5282,307,0,36726,"909.12",530,894,14,1440
323,"2020-10-16","SAW2","23.57","97.56",4216,103,0,3044,"1121.65",318,1032,89,1440
324,"2020-10-16","SAW3","19.13","99.7",3304,10,0,5029,"1172.07",267,1133,39,1440
325,"2020-10-17","SAW1","37.46","85.11",4861,724,0,42873,"907.75",532,888,19,1440
326,"2020-10-17","SAW2","17.43","92.49",2968,223,0,2323,"1188.98",251,1188,0,1440
327,"2020-10-17","SAW3","26.26","91.53",4547,385,0,11337,"1067.33",372,1046,21,1440
328,"2020-10-18","SAW1","59.08","93.46",4860,318,0,68820,"589.23",850,589,0,1440
329,"2020-10-18","SAW2","33.28","96.59",8706,297,0,4679,"969.82",470,942,27,1440
330,"2020-10-18","SAW3","22.03","100",3848,0,0,9417,"1130.45",309,1095,35,1440
331,"2020-10-19","SAW1","27.17","100",49640,3,0,74195,"1048.68",391,1048,0,1440
332,"2020-10-19","SAW2","42.59","94.78",5135,268,0,10872,"828.63",611,824,4,1440
333,"2020-10-19","SAW3","21.25","100",3002,0,0,8920,"1146.78",293,1086,60,1440
334,"2020-10-20","SAW1","40.21","100",1891,12,0,497620,"913.77",526,782,131,1440
335,"2020-10-20","SAW2","39.61","99.63",8988,33,540,10862,"869.65",570,869,0,1440
336,"2020-10-20","SAW3","51.21","100",62093,0,0,21827,"722.55",717,683,38,1440
337,"2020-10-21","SAW1","37.77","94.92",5179,263,1,22231,"899.65",540,890,9,1440
338,"2020-10-21","SAW2","31.44","100",7344,0,0,8149,"987.28",452,987,0,1440
339,"2020-10-21","SAW3","8.68","100",1319,0,0,3802,"1315.03",124,1315,0,1440
340,"2020-10-22","SAW1","30.99","100",1500,0,0,5346,"994.52",445,991,2,1440
341,"2020-10-22","SAW2","21.08","88.38",2581,300,0,5270,"1147.25",292,1096,51,1440
342,"2020-10-22","SAW3","14.16","94.71",378,20,0,6012,"1242.38",197,1197,44,1440
343,"2020-10-23","SAW1","31.06","100",6013,0,0,5363,"993.12",446,991,1,1440
344,"2020-10-23","SAW2","32.2","92.85",3524,252,0,8346,"976.32",463,976,0,1440
345,"2020-10-23","SAW3","14.71","100",3913,0,0,6445,"1228.15",211,1228,0,1440
346,"2020-10-24","SAW1","36.47","100",3538,0,0,6301,"914.88",525,914,0,1440
347,"2020-10-24","SAW2","14.22","98.32",2379,40,0,3559,"1281.85",158,953,328,1440
348,"2020-10-24","SAW3","26.09","100",871,0,0,11429,"1064.32",375,1064,0,1440
349,"2020-10-25","SAW1","40.61","100",4148,0,0,6977,"858.58",581,850,8,1440
350,"2020-10-25","SAW2","34.27","95.49",6813,307,1,8784,"1027.43",412,791,236,1440
351,"2020-10-25","SAW3","24.71","100",10819,0,0,10296,"1101.57",338,1031,70,1440
352,"2020-10-26","SAW1","45.24","100",7566,0,0,7805,"789.6",650,787,2,1440
353,"2020-10-26","SAW2","46.31","99.45",13338,74,0,3399,"828.88",611,708,120,1440
354,"2020-10-26","SAW3","27.69","100",6568,0,0,11824,"1051.35",388,1014,36,1440
355,"2020-10-27","SAW1","38.48","96.58",5356,183,0,6287,"916.08",523,837,78,1440
356,"2020-10-27","SAW2","33","100",3332,0,0,3930,"1003.35",436,886,116,1440
357,"2020-10-27","SAW3","14.11","100",3797,0,0,4911,"1236.85",203,1236,0,1440
358,"2020-10-28","SAW1","22.87","98.92",4634,50,0,3952,"1110.68",329,1110,0,1440
359,"2020-10-28","SAW2","23.07","95.29",5417,255,0,2561,"1155.47",284,949,206,1440
360,"2020-10-28","SAW3","6.7","100",1089,0,1653,1096,"1343.85",96,1339,4,1440
361,"2020-10-29","SAW1","30.5","100",5609,0,0,5850,"1000.82",439,1000,0,1440
362,"2020-10-29","SAW2","39.77","96.75",16870,549,0,7284,"903.58",536,812,91,1440
363,"2020-10-29","SAW3","21.44","100",3254,0,0,8115,"1141.9",298,1092,49,1440
364,"2020-10-30","SAW1","33.73","100",3944,0,0,6556,"954.35",485,954,0,1440
365,"2020-10-30","SAW2","27.83","96.85",11691,368,0,6377,"1039.18",400,1039,0,1440
366,"2020-10-30","SAW3","12.65","100",2303,0,0,285125,"1259.88",180,1243,16,1440
367,"2020-10-31","SAW1","2.19","100",36,0,0,30,"1437.77",2,99,1338,1440
368,"2020-10-31","SAW2","41.35","100",8260,0,30,6803,"1131.68",308,437,694,1440
369,"2020-10-31","SAW3","2.22","100",144,0,0,21925,"1426.15",13,608,817,1440
370,"2020-11-01","SAW1","35.74","100",3096,0,0,2988,"1218.65",221,398,820,1440
371,"2020-11-01","SAW2","35.32","96.98",8987,271,0,7876,"948",492,901,46,1440
372,"2020-11-01","SAW3","21.96","100",3402,0,0,474979,"1139.95",300,1066,73,1440
373,"2020-11-02","SAW1","47.25","97.86",3928,84,0,6545,"759.65",680,759,0,1440
374,"2020-11-02","SAW2","39.78","93.23",7978,540,60,3831,"867.17",572,867,0,1440
375,"2020-11-02","SAW3","14.17","100",3160,0,0,304166,"1238.72",201,1219,19,1440
376,"2020-11-03","SAW1","34.28","98.64",4986,68,0,6589,"951.95",488,935,16,1440
377,"2020-11-03","SAW2","21.22","93.3",7430,498,90,6040,"1134.42",305,1134,0,1440
378,"2020-11-03","SAW3","18.03","100",5630,0,0,6609,"1191.65",248,1128,62,1440
379,"2020-11-04","SAW1","33.4","98.66",1198,16,0,6593,"983.62",456,910,73,1440
380,"2020-11-04","SAW2","33.19","96.49",12900,453,240,6330,"975.5",464,935,40,1440
381,"2020-11-04","SAW3","15.85","97.83",1986,43,0,2589,"1212.92",227,1205,7,1440
382,"2020-11-05","SAW1","35.31","100",6550,0,0,7504,"939.73",500,916,23,1440
383,"2020-11-05","SAW2","33.18","96.47",9054,320,1925,28375,"967.08",472,952,14,1440
384,"2020-11-05","SAW3","17.28","100",2203,0,0,2722,"1201.22",238,1142,58,1440
385,"2020-11-06","SAW1","29.51","100",6408,0,0,6341,"1017.3",422,1009,7,1440
386,"2020-11-06","SAW2","29.55","96.39",8485,306,30,25529,"1014.52",425,1014,0,1440
387,"2020-11-06","SAW3","23.76","100",3633,0,49,4790,"1104.7",335,1075,28,1440
388,"2020-11-07","SAW1","20.91","100",2544,0,0,4502,"1139.87",300,1135,4,1440
389,"2020-11-07","SAW2","17.83","87.07",2675,346,18,1691,"1189.52",250,1154,35,1440
390,"2020-11-07","SAW3","17.36","100",1163,0,0,3489,"1195.18",244,1165,29,1440
391,"2020-11-08","SAW1","23.26","98.85",3833,44,0,5023,"1105.12",334,1105,0,1440
392,"2020-11-08","SAW2","30.94","100",7610,0,18,9589,"996.07",443,990,5,1440
393,"2020-11-08","SAW3","16.05","100",1634,0,0,3253,"1211.72",228,1193,17,1440
394,"2020-11-09","SAW1","5.95","89.76",576,59,0,1286,"1354.28",85,1354,0,1440
395,"2020-11-09","SAW2","24.65","95.04",4351,216,0,4784,"1191.17",248,760,430,1440
396,"2020-11-09","SAW3","16.88","100",859,0,0,3429,"1199.4",240,1184,14,1440
397,"2020-11-10","SAW1","27.07","94.9",5134,262,0,4508,"1053.58",386,1041,12,1440
398,"2020-11-10","SAW2","27.08","74.81",3581,902,0,5951,"1049.98",390,1049,0,1440
399,"2020-11-10","SAW3","6.91","100",1020,0,0,1074,"1340.52",99,1340,0,1440
400,"2020-11-11","SAW1","35.11","98.55",5732,83,0,5327,"946.72",493,911,35,1440
401,"2020-11-11","SAW2","45.41","96.81",14531,464,0,4519,"793.75",646,776,16,1440
402,"2020-11-11","SAW3","8.9","100",729,0,0,1080,"1315.93",124,1269,46,1440
403,"2020-11-12","SAW1","2.92","100",468,0,0,453,"1398.07",41,1394,3,1440
404,"2020-11-12","SAW2","37.28","93.76",5080,317,0,3584,"909.03",530,893,15,1440
405,"2020-11-12","SAW3","29.75","100",3692,0,0,5902,"1022.77",417,985,37,1440
406,"2020-11-13","SAW1","0.11","100",18,0,0,23,"1438.42",1,1438,0,1440
407,"2020-11-13","SAW2","36.88","99.41",5594,33,18,6144,"922.23",517,886,36,1440
408,"2020-11-13","SAW3","17.77","100",2488,0,152,1202,"1189.48",250,1158,30,1440
409,"2020-11-14","SAW1","11.86","100",2340,0,0,2522,"1271.87",168,1249,22,1440
410,"2020-11-14","SAW2","34.48","93.95",7251,439,0,8937,"943.5",496,943,0,1440
411,"2020-11-14","SAW3","21.33","100",2523,0,0,1446,"1138.67",301,1111,27,1440
412,"2020-11-15","SAW1","29.93","100",6224,0,0,6464,"1009.07",430,1009,0,1440
413,"2020-11-15","SAW2","33.72","100",8078,0,30,3262,"954.42",485,954,0,1440
414,"2020-11-15","SAW3","28.28","100",2983,0,0,2380,"1043.38",396,1005,37,1440
415,"2020-11-16","SAW1","33.12","100",6782,0,0,6466,"963.05",476,963,0,1440
416,"2020-11-16","SAW2","36.65","58.16",2770,1159,0,6332,"912.3",527,912,0,1440
417,"2020-11-16","SAW3","5.66","100",588,0,0,460,"1363.37",76,1276,86,1440
418,"2020-11-17","SAW1","33.22","99.58",7110,30,162,4480,"961.58",478,961,0,1440
419,"2020-11-17","SAW2","46.12","99.46",15627,85,930,16386,"791.35",648,757,33,1440
420,"2020-11-17","SAW3","0.95","0",0,0,0,113,"1426.7",13,1387,38,1440
421,"2020-11-18","SAW1","35.3","99.85",7980,12,0,4575,"931.62",508,931,0,1440
422,"2020-11-18","SAW2","33.69","100",11844,0,0,8733,"954.83",485,954,0,1440
423,"2020-11-18","SAW3","0.71","0",0,0,0,61,"1429.72",10,1429,0,1440
424,"2020-11-19","SAW1","18.19","99.77",3510,8,0,2357,"1178.08",261,1178,0,1440
425,"2020-11-19","SAW2","38.45","100",10072,0,0,13887,"893.32",546,874,18,1440
426,"2020-11-19","SAW3","0.63","0",0,0,0,42,"1430.98",9,1430,0,1440
427,"2020-11-20","SAW1","24.57","90.31",3334,323,0,4714,"1093.72",346,1062,30,1440
428,"2020-11-20","SAW2","45.41","97.28",11430,311,90,5940,"787.43",652,784,2,1440
429,"2020-11-20","SAW3","10.23","100",1463,0,0,892,"1294.77",145,1274,20,1440
430,"2020-11-21","SAW1","26.05","100",279,0,0,5065,"1064.83",375,1064,0,1440
431,"2020-11-21","SAW2","29.15","99.81",10290,20,0,3148,"1020.23",419,1020,0,1440
432,"2020-11-21","SAW3","9.19","100",1977,0,0,794,"1307.63",132,1307,0,1440
433,"2020-11-22","SAW1","38.94","100",4733,0,0,7299,"899.37",540,847,51,1440
434,"2020-11-22","SAW2","19.38","90.94",1159,105,0,2094,"1160.87",279,1160,0,1440
435,"2020-11-22","SAW3","18.33","100",2870,0,0,1539,"1183.58",256,1142,40,1440
436,"2020-11-23","SAW1","40.8","100",6589,0,0,8063,"864.45",575,835,29,1440
437,"2020-11-23","SAW2","22.38","97.59",3109,75,0,2210,"1139.12",300,1043,95,1440
438,"2020-11-23","SAW3","19.74","100",2199,0,0,1382,"1176.92",263,1069,107,1440
439,"2020-11-24","SAW1","49.64","98.36",6809,112,0,10698,"726.8",713,723,3,1440
440,"2020-11-24","SAW2","13.5","78.11",1092,239,0,1448,"1245.62",194,1245,0,1440
441,"2020-11-24","SAW3","18.49","86.49",1236,167,80,1589,"1175.17",264,1167,7,1440
442,"2020-11-25","SAW1","54.12","100",10062,0,0,11669,"662.07",777,659,2,1440
443,"2020-11-25","SAW2","48.36","97.41",12688,329,52,12111,"743.65",696,743,0,1440
444,"2020-11-25","SAW3","26.84","100",3028,0,0,3557,"1059.47",380,1037,22,1440
445,"2020-11-26","SAW1","42.56","100",8586,0,0,9194,"827.07",612,827,0,1440
446,"2020-11-26","SAW2","41.66","100",14068,0,450,5317,"926.48",513,718,207,1440
447,"2020-11-26","SAW3","29.33","100",10971,0,0,2658,"1029.43",410,989,40,1440
448,"2020-11-27","SAW1","45.19","100",9090,0,0,9760,"789.32",650,789,0,1440
449,"2020-11-27","SAW2","34.28","99.65",10982,38,0,4937,"946.35",493,946,0,1440
450,"2020-11-27","SAW3","19.71","100",3402,0,0,3378,"1166.92",273,1112,54,1440
451,"2020-11-28","SAW1","40.81","100",4158,0,0,8810,"852.68",587,851,0,1440
452,"2020-11-28","SAW2","30.32","88.3",7686,899,0,4366,"1003.38",436,1003,0,1440
453,"2020-11-28","SAW3","16.74","100",1442,0,0,1374,"1238.33",201,1003,235,1440
454,"2020-11-29","SAW1","36.13","100",6156,0,0,7804,"919.75",520,919,0,1440
455,"2020-11-29","SAW2","33.15","96.55",3039,105,126,3432,"997.13",442,893,103,1440
456,"2020-11-29","SAW3","27.24","100",5338,0,0,4104,"1052.68",387,1034,18,1440
457,"2020-11-30","SAW1","25.14","99.04",3654,35,0,4707,"1126.22",313,934,192,1440
458,"2020-11-30","SAW2","59.56","99.89",13588,15,90,19450,"697.8",742,503,193,1440
459,"2020-11-30","SAW3","23.82","100",2891,0,240,1835,"1150.25",289,926,223,1440
460,"2020-12-01","SAW1","30.55","100",2160,0,0,3140,"1230.67",209,475,754,1440
461,"2020-12-01","SAW2","29.87","61.98",1131,430,0,2047,"1235.33",204,480,754,1440
462,"2020-12-01","SAW3","24.86","100",3153,0,0,815,"1285.05",154,468,816,1440
463,"2020-12-02","SAW1","34.57","100",7758,0,0,7442,"943.85",496,938,4,1440
464,"2020-12-02","SAW2","45.66","100",10255,0,0,11835,"782.48",657,782,0,1440
465,"2020-12-02","SAW3","21.69","100",5908,0,0,2516,"1137.5",302,1091,45,1440
466,"2020-12-03","SAW1","44.41","99.3",8766,61,0,9593,"800.47",639,800,0,1440
467,"2020-12-03","SAW2","38.51","99.49",8349,43,0,9700,"901.13",538,860,40,1440
468,"2020-12-03","SAW3","26.56","100",5828,0,0,3739,"1086.87",353,976,110,1440
469,"2020-12-04","SAW1","54.22","99.15",8304,71,0,7437,"674.88",765,646,28,1440
470,"2020-12-04","SAW2","33.23","87.78",4999,611,0,3540,"969.08",470,946,22,1440
471,"2020-12-04","SAW3","23.08","100",1874,0,0,2925,"1116.22",323,1079,36,1440
472,"2020-12-05","SAW1","41.67","96.31",5010,185,0,5401,"839.9",600,839,0,1440
473,"2020-12-05","SAW2","40.58","99.13",10333,90,10,4485,"855.65",584,855,0,1440
474,"2020-12-05","SAW3","18.77","100",2137,0,0,2175,"1180.25",259,1124,56,1440
475,"2020-12-06","SAW1","22.05","100",3906,0,0,2854,"1122.92",317,1121,1,1440
476,"2020-12-06","SAW2","24.89","95.58",5427,240,0,4808,"1081.65",358,1081,0,1440
477,"2020-12-06","SAW3","23.55","99.26",2717,20,0,3213,"1101.75",338,1098,3,1440
478,"2020-12-07","SAW1","24.35","100",4158,0,0,3152,"1089.8",350,1088,1,1440
479,"2020-12-07","SAW2","50.5","98.66",16749,224,60,43628,"712.87",727,712,0,1440
480,"2020-12-07","SAW3","21.59","100",2042,0,0,2827,"1142.47",297,1080,62,1440
481,"2020-12-08","SAW1","24.32","100",4140,0,0,3152,"1089.8",350,1089,0,1440
482,"2020-12-08","SAW2","34.22","100",13692,0,0,10642,"947.3",492,947,0,1440
483,"2020-12-08","SAW3","26.39","100",7468,0,0,2718,"1068.38",371,1036,32,1440
484,"2020-12-09","SAW1","51.14","100",10242,0,0,6627,"703.65",736,703,0,1440
485,"2020-12-09","SAW2","39.9","99.71",9369,27,0,12066,"881.37",558,841,39,1440
486,"2020-12-09","SAW3","28.75","100",5107,0,108,3429,"1026",414,1026,0,1440
487,"2020-12-10","SAW1","49.88","100",3876,0,0,6465,"721.67",718,721,0,1440
488,"2020-12-10","SAW2","35.71","93.45",6738,441,60,12750,"934.28",505,910,23,1440
489,"2020-12-10","SAW3","23.25","100",3093,0,19,2962,"1128.25",311,1029,99,1440
490,"2020-12-11","SAW1","45.28","100",9468,0,0,7902,"788.03",651,788,0,1440
491,"2020-12-11","SAW2","45.03","99.46",13766,75,0,38350,"800.83",639,780,20,1440
492,"2020-12-11","SAW3","24.11","98.16",3744,69,190,762,"1104.17",335,1057,47,1440
493,"2020-12-12","SAW1","34.31","98.72",6316,81,0,4507,"951.67",488,935,16,1440
494,"2020-12-12","SAW2","50","98.8",13770,165,120,42796,"726.73",713,713,13,1440
495,"2020-12-12","SAW3","18.12","99.82",2705,5,0,431,"1183.22",256,1160,23,1440
496,"2020-12-13","SAW1","45.72","100",5475,0,0,5925,"781.62",658,781,0,1440
497,"2020-12-13","SAW2","34.24","98.13",8884,166,60,7294,"958.18",481,925,32,1440
498,"2020-12-13","SAW3","22.61","100",3648,0,0,383,"1120.98",319,1091,29,1440
499,"2020-12-14","SAW1","38.44","99.47",7704,41,0,6408,"886.45",553,886,0,1440
500,"2020-12-14","SAW2","30.78","91.25",4309,377,0,17614,"996.82",443,996,0,1440
501,"2020-12-14","SAW3","24.66","99.65",3437,12,0,606,"1095.07",344,1053,41,1440
502,"2020-12-15","SAW1","42","99.34",6552,43,18,4602,"837.32",602,832,5,1440
503,"2020-12-15","SAW2","35.96","84.87",2671,404,35,3886,"923.37",516,920,3,1440
504,"2020-12-15","SAW3","24.94","98.62",4431,61,0,558,"1080.93",359,1080,0,1440
505,"2020-12-16","SAW1","37.11","97.77",3810,85,0,1499,"905.57",534,905,0,1440
506,"2020-12-16","SAW2","29.19","94.56",4357,237,0,3073,"1051.47",388,942,109,1440
507,"2020-12-16","SAW3","26.15","99.8",4442,9,228,1142,"1071.27",368,1041,30,1440
508,"2020-12-17","SAW1","32.2","96.39",2217,80,0,1727,"988.17",451,951,36,1440
509,"2020-12-17","SAW2","37.51","98.55",9586,139,0,4363,"899.83",540,899,0,1440
510,"2020-12-17","SAW3","26.71","99.31",3903,27,15,2891,"1059.38",380,1044,14,1440
511,"2020-12-18","SAW1","30.34","100",3482,0,0,2562,"1006.13",433,996,10,1440
512,"2020-12-18","SAW2","27.05","98.56",3611,52,0,2731,"1050.42",389,1050,0,1440
513,"2020-12-18","SAW3","21.51","93.96",1656,100,0,3487,"1137.25",302,1104,32,1440
514,"2020-12-19","SAW1","46.28","100",3570,0,0,4165,"773.62",666,773,0,1440
515,"2020-12-19","SAW2","21.41","92.91",1622,115,0,3028,"1131.67",308,1131,0,1440
516,"2020-12-19","SAW3","20.63","100",3822,0,0,3357,"1160.28",279,1076,84,1440
517,"2020-12-20","SAW1","27.21","100",2268,0,0,2430,"1051.22",388,1040,11,1440
518,"2020-12-20","SAW2","31.5","100",11148,0,0,12188,"986.33",453,986,0,1440
519,"2020-12-20","SAW3","20.58","100",4230,0,0,3460,"1151.63",288,1112,38,1440
520,"2020-12-21","SAW1","30.41","99.98",5082,1,0,5518,"1002.08",437,1002,0,1440
521,"2020-12-21","SAW2","22.97","95.61",4600,202,0,4423,"1109.25",330,1109,0,1440
522,"2020-12-21","SAW3","26.5","100",3560,0,0,4513,"1063.9",376,1043,20,1440
523,"2020-12-22","SAW1","30.61","97.79",2718,60,0,2868,"999.18",440,999,0,1440
524,"2020-12-22","SAW2","24.22","81.66",1145,210,0,3756,"1091.18",348,1091,0,1440
525,"2020-12-22","SAW3","19.48","100",4372,0,0,3324,"1163",277,1145,17,1440
526,"2020-12-23","SAW1","18.01","100",1226,0,0,1683,"1182.05",257,1174,7,1440
527,"2020-12-23","SAW2","28.99","86.27",2994,411,0,3200,"1022.57",417,1022,0,1440
528,"2020-12-23","SAW3","28.74","100",6181,0,0,6644,"1032.35",407,1010,21,1440
529,"2020-12-24","SAW1","31.79","100",4908,0,0,2996,"982.27",457,982,0,1440
530,"2020-12-24","SAW2","33.09","89.97",4506,452,0,6615,"963.53",476,963,0,1440
531,"2020-12-24","SAW3","20.76","99.25",3976,30,0,4994,"1142.35",297,1136,6,1440
532,"2020-12-25","SAW1","13.37","100",1140,0,0,1445,"1286.27",153,996,289,1440
533,"2020-12-25","SAW2","27.95","98.75",6393,80,0,5347,"1037.58",402,1037,0,1440
534,"2020-12-25","SAW3","19.47","100",4577,0,0,3487,"1164.4",275,1139,24,1440
535,"2020-12-26","SAW1","15.83","100",900,0,0,1432,"1333.92",106,564,769,1440
536,"2020-12-26","SAW2","22.21","100",8055,0,0,7113,"1120.12",319,1120,0,1440
537,"2020-12-26","SAW3","24.46","100",3268,0,0,2684,"1093.83",346,1069,24,1440
538,"2020-12-27","SAW1","0.21","0",0,0,0,39,"1437.1",2,1377,59,1440
539,"2020-12-27","SAW2","35.1","100",2946,0,0,4067,"1259.23",180,334,925,1440
540,"2020-12-27","SAW3","23.31","99.77",879,2,0,3423,"1154.72",285,938,215,1440
541,"2020-12-28","SAW1","0.22","100",18,0,0,38,"1437.17",2,1297,139,1440
542,"2020-12-28","SAW2","100","0",0,0,0,2,"1439.93",0,0,1439,1440
543,"2020-12-28","SAW3","16.67","0",0,0,0,1,"1439.92",0,0,1439,1440
544,"2020-12-29","SAW1","88.07","100",18,0,0,8,"1438.4",1,0,1438,1440
545,"2020-12-29","SAW2","93.99","0",0,0,0,38,"1437.92",2,0,1437,1440
546,"2020-12-29","SAW3","100","0",0,0,0,1,"1439.93",0,0,1439,1440
547,"2020-12-30","SAW1","0","0",0,0,18,0,"1439.95",0,1201,238,1440
548,"2020-12-30","SAW2","100","100",72,0,0,18,"1438.98",1,0,1438,1440
549,"2020-12-30","SAW3","100","0",0,0,0,2,"1439.88",0,0,1439,1440
550,"2020-12-31","SAW1","0","0",0,0,0,0,"1440",0,1440,0,1440
551,"2020-12-31","SAW2","100","0",0,0,0,0,"1440",0,0,1440,1440
552,"2020-12-31","SAW3","100","0",0,0,0,0,"1440",0,0,1440,1440
